Nombre,Apellido,Email,Password
sdfsd,sdfsd,guido@gmail.com,123
Dorolisa,Pauls,dpauls0@barnesandnoble.com,9D4IZNxKU
Deane,Dumbrill,ddumbrill1@theatlantic.com,hAH6xfxy7xa
Blancha,Benninger,bbenninger2@typepad.com,W2CvxmFR5OE
Valida,Simonnin,vsimonnin3@sohu.com,2uiCTquxj
Thorn,Belmont,tbelmont4@noaa.gov,ghJe23ZnGF3
Haroun,Scherer,hscherer5@homestead.com,tSdr6ASyC
Lorene,Garbott,lgarbott6@businessinsider.com,Gi7TUUxiD
Finley,Matyashev,fmatyashev7@nba.com,lVBCQRAs
Dore,Cervantes,dcervantes8@ow.ly,0eFG2QIL
Rockie,Paschek,rpaschek9@e-recht24.de,T6VExp5nQxtX
Lenard,Jaxon,ljaxona@amazon.co.jp,XYPwH2Y
Aurelea,Kirkland,akirklandb@digg.com,qqSyuJ17J
Nani,Fyndon,nfyndonc@issuu.com,9am20uZMP6y
Casie,Lawford,clawfordd@bluehost.com,eZrviib
Barry,Stoile,bstoilee@dedecms.com,jtGYmZtN8
Gabriel,Sausman,gsausmanf@1und1.de,7xKSSL4sPB
Pietra,Crannage,pcrannageg@umn.edu,pcTFEeaDP0
Krystalle,Hardy-Piggin,khardypigginh@bloglines.com,kvSw2M
Iona,Hanford,ihanfordi@parallels.com,iqwwLrA
Dinnie,Tyndall,dtyndallj@ucla.edu,TJIKrXa
Yetty,Syseland,ysyselandk@rakuten.co.jp,rNNEReAV
Tabbitha,Hadkins,thadkinsl@msn.com,hKQaA07J1AXT
Brenna,Sarney,bsarneym@sciencedirect.com,KSKbKn
Harmony,Gelder,hgeldern@barnesandnoble.com,DaAUxbLb
Alfreda,Cockrill,acockrillo@sbwire.com,ea6eIXz
Catha,Lockett,clockettp@photobucket.com,9owNfX3Bkly
Rae,Gaiter,rgaiterq@nymag.com,NlfvNCD
Balduin,Leile,bleiler@digg.com,FDg4tPlIW9l6
Dare,Binning,dbinnings@pcworld.com,8ZazG3Odb
Bud,McFarlane,bmcfarlanet@ted.com,xl2qo73x88iI
Andree,Comins,acominsu@marriott.com,EIATzwidRDj
Conrad,Prin,cprinv@fastcompany.com,3bDW0feF
Kip,Tamblyn,ktamblynw@berkeley.edu,4ZuyflGdu
Maggi,Crampton,mcramptonx@about.me,LKi5VhUp
Beverlie,Cudihy,bcudihyy@wp.com,Aai27V
Egbert,Meys,emeysz@wikia.com,EHKbEsQd
Friedrich,Leggate,fleggate10@issuu.com,ppQOjI
Klara,Moran,kmoran11@accuweather.com,C1dqbD7K
Dina,Strutton,dstrutton12@time.com,d4jWJHxcuY
Drew,Beresford,dberesford13@google.ca,ozvnMhexRA
Jameson,Robbey,jrobbey14@cbsnews.com,TUIk22Cm
Adan,Chirm,achirm15@loc.gov,wld9jN
Chiquia,Byers,cbyers16@craigslist.org,rst3r4C0hH
Shelia,Hagyard,shagyard17@dmoz.org,F5rcSzRw
Chip,Scotchmer,cscotchmer18@sphinn.com,pkgrdqR2mOeO
Woody,Gillian,wgillian19@fema.gov,sTm5JXsu
Ignaz,Twinberrow,itwinberrow1a@edublogs.org,vQru0c4C
Ruddy,Whardley,rwhardley1b@princeton.edu,VHAFoLixZ
Alika,Farington,afarington1c@imdb.com,xOzecb1
Donnajean,Carlsson,dcarlsson1d@marriott.com,kJU0zdQerO
Lazar,Courtin,lcourtin1e@accuweather.com,6pAXD3Nnx
Imelda,Rowena,irowena1f@cmu.edu,6Jgj9WNYD
Merilyn,Wild,mwild1g@twitter.com,fyamRjh5Gj
Susi,Meldrum,smeldrum1h@sina.com.cn,W794ur
Jeff,Yann,jyann1i@europa.eu,OY3vFKf0
Roosevelt,MacGall,rmacgall1j@unc.edu,4C5WJh
Alanson,Miall,amiall1k@mozilla.com,Wba5d95qPWO
Albrecht,MacMakin,amacmakin1l@businesswire.com,pMxCpuD
Roz,Gillicuddy,rgillicuddy1m@indiegogo.com,66jQeGF
Vincent,Guerry,vguerry1n@fotki.com,RXgcLT0OrG
Brewster,Roddie,broddie1o@shop-pro.jp,L2uQh1rDViwm
Trumann,Holde,tholde1p@businessinsider.com,kptDWao
Joann,Winscom,jwinscom1q@cbsnews.com,pibmvg
Mohammed,Waslin,mwaslin1r@google.nl,TUx8JoNd3lz
Karoly,Rustan,krustan1s@multiply.com,6ZZZFr
Evaleen,Crosson,ecrosson1t@craigslist.org,bkTuaq
Noble,Bugdale,nbugdale1u@people.com.cn,3lmRgNbtT8y
Lora,Sallter,lsallter1v@cpanel.net,RZb9Nyv81
Bibi,Roselli,broselli1w@ucoz.com,tN05HKWKfR
Ilysa,Benoit,ibenoit1x@chron.com,2mS4Q5LpvfX
Finlay,Morrell,fmorrell1y@washington.edu,xDzld5vRl2
Tiffanie,Bednall,tbednall1z@statcounter.com,13dvK1b6fDLE
Gifford,Borthwick,gborthwick20@yellowpages.com,sWFuuXhq
Romy,Vannuchi,rvannuchi21@globo.com,n5DPsUP6
Tammy,Redbourn,tredbourn22@chron.com,cm4uimTeop7
Nanine,Normanvill,nnormanvill23@globo.com,UgrMAP
Arleen,Haselwood,ahaselwood24@symantec.com,NA1xycc
Tarrance,Ellerby,tellerby25@ning.com,kKnNWwr
Torin,Pexton,tpexton26@google.ru,J4uiMGZMeub
Verna,Carder,vcarder27@ucoz.ru,S7jT3f
Chloe,Goldsmith,cgoldsmith28@quantcast.com,vyTjfwS
Augy,Van Weedenburg,avanweedenburg29@fc2.com,YVSd5gM
Catlin,Dunbobin,cdunbobin2a@ow.ly,yeesDSzVSlw
Jacqui,Fanthom,jfanthom2b@ca.gov,l4ttBXU
Kip,Abells,kabells2c@thetimes.co.uk,PFj7GsyXfNo
Paxon,Slite,pslite2d@nifty.com,xQbeme1O
Jewel,End,jend2e@altervista.org,UPOgBhm712K
Katharine,Deave,kdeave2f@issuu.com,b5XjDRzGJ6
Orazio,Henrych,ohenrych2g@sitemeter.com,dyeRfAzk
Kaile,Zorzutti,kzorzutti2h@mac.com,TSdchqie8Mp
Renaud,Puttrell,rputtrell2i@arstechnica.com,bhBv6o345Yk
Mirabella,Marcroft,mmarcroft2j@yellowpages.com,RIi8hxSA3Nbm
Obie,Youthead,oyouthead2k@istockphoto.com,89Vx6MQCq
Nanice,Bowcock,nbowcock2l@cnn.com,bXqqiE
Romonda,Kaasman,rkaasman2m@slashdot.org,gYlBXasTfFvQ
Mara,Gordon,mgordon2n@vistaprint.com,e5AUTMGMeNbd
Heindrick,Devil,hdevil2o@istockphoto.com,u1t5wuanE
Stacee,Bohje,sbohje2p@jiathis.com,JdrNow7
Catina,Loweth,cloweth2q@sphinn.com,3EPeQMItlM
Alyce,Bowshire,abowshire2r@weebly.com,KTNeR56GXaFv
Cole,Gligorijevic,cgligorijevic2s@google.es,7Cb8JOQ
Corissa,Darwin,cdarwin2t@abc.net.au,6z5WUelt
Clive,Hellin,chellin2u@ezinearticles.com,Z3cWUZmAZT5
Nydia,Starte,nstarte2v@weather.com,lVurywhYfIp
Brigitta,Dorant,bdorant2w@virginia.edu,f8PHv8fWQa
Trula,Elkington,telkington2x@1und1.de,9rMuM0u0n
Buddy,Boice,bboice2y@hhs.gov,pB9hM1VT9
Jordanna,Prujean,jprujean2z@slate.com,fVBjOQJv
Anissa,Garnall,agarnall30@hc360.com,M1J2BfD
Gwenette,Erbe,gerbe31@ucsd.edu,FckYkK7lnKGa
Drew,Brislan,dbrislan32@theglobeandmail.com,eVxeLaQm1Y3T
Lurlene,Drescher,ldrescher33@privacy.gov.au,FCZPWEYtb
Lorie,Northen,lnorthen34@google.com,9t6hG7E2
Frasier,Kubatsch,fkubatsch35@state.tx.us,8ygM4TBUpv
Adrian,Opie,aopie36@yandex.ru,Wo8X2doo
Frazer,Kubalek,fkubalek37@themeforest.net,7585LiI
Bunnie,Tutt,btutt38@smh.com.au,kULauAYHzW
Muire,Lafond,mlafond39@wikipedia.org,xg0tyXpC
Bobette,Halpin,bhalpin3a@topsy.com,axDVYdb2nW2
Isabelle,Lennard,ilennard3b@nyu.edu,NOZxZWKU5qC
Zachary,Couvert,zcouvert3c@ft.com,jlcTdvF01
Fremont,Leveret,fleveret3d@yellowbook.com,haGQIq
Tory,Geill,tgeill3e@wikimedia.org,lTkFrT0AhDZ
Arleta,Aberkirdo,aaberkirdo3f@hao123.com,q9cPPiCC
Ole,Giacomoni,ogiacomoni3g@wired.com,93fc0jgdX4Z
Orton,Arent,oarent3h@indiegogo.com,E8Ax0f6tn
Rich,MacSweeney,rmacsweeney3i@cmu.edu,Lhstp5Xnkx2
Jacquetta,Gasking,jgasking3j@hibu.com,plZa5E78J
Marika,Greggor,mgreggor3k@gnu.org,KjbX0l4S
Nerty,Mora,nmora3l@upenn.edu,x2yvGy2lLL1
Faunie,Leven,fleven3m@thetimes.co.uk,qucYwtt6
Ninnette,Ruddell,nruddell3n@surveymonkey.com,zERmZaD348
Lonnard,Woollons,lwoollons3o@si.edu,1UPOMEhNwWD
Tully,Rabat,trabat3p@salon.com,aLT7YyI1c
Kleon,Perview,kperview3q@census.gov,qDKj1T6EtE40
Mathilde,Jansie,mjansie3r@mapy.cz,rH8VaBxC7Dn
Janel,Lettice,jlettice3s@pagesperso-orange.fr,X0dKbnCo
Myrtie,felip,mfelip3t@google.es,LU9yQoYuP6
Angelina,Redpath,aredpath3u@theatlantic.com,2CA7GtXcFRQP
Adela,Joule,ajoule3v@washingtonpost.com,hN9ETOZTPhcE
Red,Lorek,rlorek3w@vk.com,S7NVW5zs8tZ
Asher,Maldin,amaldin3x@cargocollective.com,k0LtaMrDBz1
Rochette,Rockall,rrockall3y@elpais.com,9Bruis474ua
Charles,Castelow,ccastelow3z@nhs.uk,Wq9DA9A
Dita,Sussems,dsussems40@nature.com,x4sFHR12hE
Becki,Sexten,bsexten41@dot.gov,MGVm1MQ4v
Marvin,Bessant,mbessant42@bbc.co.uk,p3rLA1
Leighton,Roston,lroston43@usda.gov,4maiLJ
Trula,Wilshire,twilshire44@un.org,nqpErGZiOzr
Davie,Simonot,dsimonot45@forbes.com,xxYUSFx1
Kimberlyn,Barsham,kbarsham46@noaa.gov,xr7bsABJQHsp
Jen,Anersen,janersen47@imgur.com,n2VfcQy33
Trace,Cosin,tcosin48@angelfire.com,ZXKLE4D8y
Joseph,Mountain,jmountain49@webeden.co.uk,GNDRUTR
Fancy,Fountain,ffountain4a@amazon.co.jp,iCLqQPbGyLei
Rubi,Buller,rbuller4b@wikia.com,5i1UlOCgi0
Pavel,Frantzeni,pfrantzeni4c@thetimes.co.uk,5c08GZKPNTu
Marjory,Kiraly,mkiraly4d@army.mil,5In7gG6wDV
Erin,Bonhome,ebonhome4e@hao123.com,0A1n1BWGzc
Osbourne,Adenet,oadenet4f@europa.eu,jfbCWQl
Aurlie,Czyz,aczyz4g@lycos.com,q4DYeTCHB
Mead,Dunckley,mdunckley4h@seattletimes.com,o7UNe0cZ6i
Taffy,Wiggington,twiggington4i@ucsd.edu,x8zostLOw
Hanan,Josupeit,hjosupeit4j@cbslocal.com,FaE0CW42js
Cesar,Hamlington,chamlington4k@addtoany.com,kzcQLw
Lodovico,Bissell,lbissell4l@elegantthemes.com,LHTMdi5
Rorie,Davidi,rdavidi4m@smh.com.au,0ZloyKXI
Arlyn,Worsnup,aworsnup4n@mayoclinic.com,bEc0sdu
Kalila,Guidi,kguidi4o@japanpost.jp,xI3pGv5il
Rudyard,Dehm,rdehm4p@jalbum.net,cTsvTr
Carmel,Brumfield,cbrumfield4q@eepurl.com,jhiBwmf
Linell,Sandwick,lsandwick4r@google.es,vxv391Sz
Janetta,Brockwell,jbrockwell4s@time.com,4xkCsbxEP
Anabelle,Salvatore,asalvatore4t@infoseek.co.jp,UifHhmBX1SF3
Pauline,Northbridge,pnorthbridge4u@zimbio.com,xuIHXFH
Ericka,Moon,emoon4v@umn.edu,rH4QhGhy
Gizela,Stodhart,gstodhart4w@sourceforge.net,hNJsvD
Farly,Hemstead,fhemstead4x@whitehouse.gov,orlgTPt
Noble,Hubery,nhubery4y@nps.gov,O23RXe7OmZL
Hyacintha,Mariotte,hmariotte4z@tinyurl.com,ucqV09
Stafani,Samways,ssamways50@google.com.au,zF429gi
Jehu,Covotti,jcovotti51@artisteer.com,7NdRCtknz
Hastie,McGloughlin,hmcgloughlin52@storify.com,v3Yfg4e2oY
Martynne,Mogridge,mmogridge53@dedecms.com,7A9ja9uPE
Worth,Fishpond,wfishpond54@angelfire.com,BbATIolu
Francklin,Bramford,fbramford55@theatlantic.com,EjR4GNbsg
Raymund,Libero,rlibero56@nps.gov,QiEL5LL
Thorpe,Garden,tgarden57@constantcontact.com,7IQg3tpVZFs
Hertha,Audley,haudley58@vimeo.com,MNqJgCptga
Valeria,Waghorne,vwaghorne59@google.cn,uOB8WCH
Wilt,Hapgood,whapgood5a@senate.gov,RbBxOje
Kimbra,Tweddle,ktweddle5b@rambler.ru,Wa32qc
Julius,Guiel,jguiel5c@ucoz.com,J7r1XL3dF
Aurea,Klishin,aklishin5d@archive.org,KD6wlg
Dore,McCusker,dmccusker5e@yellowbook.com,WcNZesxIuvL
Freddie,Dallas,fdallas5f@csmonitor.com,dlQRY1edDS
Torey,Chater,tchater5g@prweb.com,Fi7GHxQ
Blaire,Poile,bpoile5h@dot.gov,zCeqNTcDO
Bobbye,Font,bfont5i@tmall.com,VypU0ZiXEs
Aurilia,Daly,adaly5j@vimeo.com,Iby7O9
Tymon,Roscamp,troscamp5k@bloglovin.com,TBGt2txW
Hillard,Sodory,hsodory5l@dailymail.co.uk,uA1sWxo6lDiU
Darsey,Knibley,dknibley5m@apache.org,jVacscCLZyn
Ernst,Brownstein,ebrownstein5n@mozilla.com,fXDosfkNCr
Berkly,Filipowicz,bfilipowicz5o@marketwatch.com,m3Ern0pbNg
Doria,Daid,ddaid5p@mapquest.com,Q8E4RvgU7
Phoebe,Sylett,psylett5q@php.net,PmCVds6Zi
Dewie,Maidlow,dmaidlow5r@smh.com.au,Mqhk8Qp
Noel,Hofler,nhofler5s@boston.com,263h2L
Mikkel,Kerfoot,mkerfoot5t@tiny.cc,3ybpjLI
Norrie,Mcwhinney,nmcwhinney5u@who.int,UlJYzKaAlHGp
Marshal,Pentlow,mpentlow5v@aboutads.info,7TBnnRP
Skelly,Spuffard,sspuffard5w@addtoany.com,qx49ThRL
Sal,Bortolotti,sbortolotti5x@salon.com,cf0LTNjosP
Sarine,Greenall,sgreenall5y@macromedia.com,XgPrQdlEG9j
Lynde,Willcox,lwillcox5z@wikimedia.org,oYdY2qjpp
Viola,Steagall,vsteagall60@geocities.jp,fUZZywJ
Erica,Brittlebank,ebrittlebank61@miibeian.gov.cn,P66cba0ac
Marlon,Deverill,mdeverill62@businessweek.com,wW93Ms
Quentin,Clerc,qclerc63@free.fr,MeRUthhcf
Brett,Clymo,bclymo64@clickbank.net,gdraWIOJqo7P
Tracey,Combes,tcombes65@reference.com,XGDtXhUTwpNF
Rossie,Sirr,rsirr66@trellian.com,q5vu0Juj8c
Lanette,Kiendl,lkiendl67@about.me,1Gc9RdkYgTRc
Coral,Bernardeau,cbernardeau68@bbc.co.uk,uCHKRQ
Lynne,Sabathe,lsabathe69@networksolutions.com,z5bqAmA85n
Morgan,Kelso,mkelso6a@yale.edu,T5Kve86jlOg
Charlean,Gobert,cgobert6b@china.com.cn,X9IbFf3l4tk
Brook,Temlett,btemlett6c@woothemes.com,dbREAIx
Elijah,Guihen,eguihen6d@cam.ac.uk,MZR4kmq5l
Linet,Roundtree,lroundtree6e@mysql.com,VV6a0T56M1ks
Mac,Bonifant,mbonifant6f@walmart.com,M5rLhEjfT
Ragnar,Rheubottom,rrheubottom6g@cisco.com,naq5k0U6
Nedi,Cryer,ncryer6h@who.int,Nw8Z68lPo
Nicholas,Coy,ncoy6i@goodreads.com,djufUCqL
Pia,Wisam,pwisam6j@abc.net.au,9rrFa5C
Veronica,Collihole,vcollihole6k@alibaba.com,gjZ36ErbImi
Tiphanie,Darko,tdarko6l@state.gov,hhUfEG
Merola,Brittle,mbrittle6m@vimeo.com,PwDpWAk
Veda,Conquest,vconquest6n@engadget.com,tkGFwI3sX
Sybil,Weldrake,sweldrake6o@domainmarket.com,hMH5hMVntuzH
Ravi,Dighton,rdighton6p@nationalgeographic.com,3h1o5avIz
Mattias,Kings,mkings6q@msn.com,ha7xHlm
Goober,Lukasen,glukasen6r@ucoz.com,ZISBTDW
Bev,Braunstein,bbraunstein6s@furl.net,wq3hjrkdoz9
Harland,Runcieman,hruncieman6t@smugmug.com,Z5mUZr0R
Terri,Rippingale,trippingale6u@usgs.gov,Al1k3yc
Hayley,Pratt,hpratt6v@tiny.cc,OtuDrji7
Chevalier,Dewen,cdewen6w@latimes.com,PgIw0Wz
Elena,Gallagher,egallagher6x@apache.org,ogbJ2hCdJw
Eleonora,Joselevitz,ejoselevitz6y@ca.gov,EhY3kIP
Maddy,Ranshaw,mranshaw6z@sogou.com,NF8fvce
Shayne,Stanborough,sstanborough70@dot.gov,dXyrJJg4c
Tabbi,O'Hickey,tohickey71@time.com,Paonfpt1FA
Erich,Laurentino,elaurentino72@army.mil,exmdpnOpOjK
Milli,Treker,mtreker73@goodreads.com,yTe7wJ
Mariele,Ortsmann,mortsmann74@domainmarket.com,sgmef0NssRL
Victoria,Wall,vwall75@delicious.com,ImS9jhPez
Susannah,Surmeyers,ssurmeyers76@unicef.org,QRS6osR
Nickolai,Bratch,nbratch77@answers.com,OQkOYO
Jerrome,Benger,jbenger78@reddit.com,Ae0vEh64W
Meris,Desantis,mdesantis79@yandex.ru,b2tYJv3Pvk
Neilla,Whayman,nwhayman7a@nature.com,K9jJva5EqsK
Hagan,Oehme,hoehme7b@google.com.br,vhS15X6UCEf
Burton,Apedaile,bapedaile7c@marketwatch.com,0rBKJxS
Angela,Draysay,adraysay7d@tinypic.com,8Q72SwsuJ
Garrott,Boothroyd,gboothroyd7e@globo.com,Oo9ggUXf
Brittne,Kliement,bkliement7f@paypal.com,2aBI0Bf9f
Vaughn,Reppaport,vreppaport7g@goodreads.com,MtiEXuyK4g4Y
Christalle,Mungane,cmungane7h@flickr.com,bCcQsx0FBrdP
Catlee,Chewter,cchewter7i@imgur.com,xajb9fkhv
Brigid,Willshear,bwillshear7j@over-blog.com,VA2j89tJ0V
Lea,Banisch,lbanisch7k@chronoengine.com,YsXwmD0
Wilma,Withrop,wwithrop7l@utexas.edu,w7AnpX3Puna7
Delinda,Stormont,dstormont7m@exblog.jp,LjA71ghBe9
Gilda,Fogel,gfogel7n@webeden.co.uk,MM7emxa
Madelina,Elcocks,melcocks7o@wikimedia.org,pTBdxzy
Elsinore,Schanke,eschanke7p@amazon.co.uk,IomG7q3
Rossie,Ealam,realam7q@blogs.com,X3cgwhNSec
Joellen,Kitley,jkitley7r@about.com,B39pov5JkWr1
Duke,Wolsey,dwolsey7s@harvard.edu,Gv0zNbnvbMZ9
Asher,Grebbin,agrebbin7t@fastcompany.com,2agn3zi
Oby,Hitzmann,ohitzmann7u@dailymail.co.uk,ZHH6vLIro7S
Cassaundra,Dibbert,cdibbert7v@moonfruit.com,bck3Nv
Petronille,Thoumas,pthoumas7w@unc.edu,swpaEzNO
Audre,Murdy,amurdy7x@washington.edu,loCl08s
Annmarie,Cordall,acordall7y@blogger.com,fTSjAS
Petra,Blumfield,pblumfield7z@salon.com,GympO3Sk3
Lissi,Pfertner,lpfertner80@yolasite.com,Z2yDjV01Xp7
Rory,Storey,rstorey81@w3.org,79ucUd0
Nicolea,Chantrell,nchantrell82@hexun.com,HByqcf8
Revkah,O'Donovan,rodonovan83@wunderground.com,22vyQGIm
Diego,McIlwain,dmcilwain84@parallels.com,NpE2TdbtGR
Jacquelin,Brockway,jbrockway85@google.com.br,Q4LnqHoAQK
Jacquette,Spilling,jspilling86@artisteer.com,F1kB4B
Brandais,Payn,bpayn87@angelfire.com,BOcwWfWlavBh
Alleen,Jovasevic,ajovasevic88@diigo.com,gJBIjDGCqj
Lonny,Swinburne,lswinburne89@jigsy.com,2VVA376
Joellen,Extill,jextill8a@sun.com,cYERdzt1
Corissa,Trendle,ctrendle8b@netlog.com,D4TpawEhVPd
Rustie,McKeighan,rmckeighan8c@harvard.edu,tWKQVc
Kath,Philpott,kphilpott8d@csmonitor.com,OsXUGfXmltqD
Haley,Mountlow,hmountlow8e@youku.com,M9fqqf
Glori,Haggeth,ghaggeth8f@google.com,tFFHfxQOjx
Shana,Maior,smaior8g@nhs.uk,lVzUY2fyMKKN
Godiva,Beevor,gbeevor8h@msu.edu,t9tc3ybok
Moore,Havvock,mhavvock8i@usa.gov,xkBuOXHsW
Lissie,Marrows,lmarrows8j@i2i.jp,EnFyZMINn
Nora,Gillard,ngillard8k@artisteer.com,l8oEfR
Erasmus,Hevner,ehevner8l@google.es,TvSz7x0
Claire,Philipeaux,cphilipeaux8m@wisc.edu,BNtQVuOLViy
Marjorie,Jeffcock,mjeffcock8n@tmall.com,zLsHxvXv
Grannie,Garrand,ggarrand8o@lulu.com,wxDhkSFt
Wyatt,Worsom,wworsom8p@vinaora.com,HhMQjKgTXdO
Samson,Noirel,snoirel8q@shareasale.com,W68Pnsc
Terrel,Codeman,tcodeman8r@house.gov,i2w8suOZ
Merill,Fancutt,mfancutt8s@cam.ac.uk,i0EvkeqHR4
Eal,Rydeard,erydeard8t@cmu.edu,i476ed
Brunhilde,Onge,bonge8u@etsy.com,vDAhXZDKIxF
Mariellen,Hobell,mhobell8v@jimdo.com,Th3xz9St7s
Teressa,Dillamore,tdillamore8w@yahoo.co.jp,zwsJED0PyBaY
Hillier,Dwelling,hdwelling8x@digg.com,J25lSQ45w
Francesco,Beri,fberi8y@bluehost.com,XgcaRPbyKFxR
Land,Gorham,lgorham8z@va.gov,qzOexifN0XJz
Goldina,Knocker,gknocker90@com.com,gmj9HwhLcvXy
Rivy,Manville,rmanville91@sohu.com,zKQGVZhW
Willard,Mallabon,wmallabon92@bravesites.com,Y2eSVI1Y
Xavier,Brown,xbrown93@wordpress.org,dwnhcU3g
Brana,Rennebach,brennebach94@php.net,aCtl73
Karlee,McCowen,kmccowen95@skype.com,1oo0cK
Silvana,Dellenbach,sdellenbach96@seesaa.net,MjJMwrUdIh
Weidar,Boyn,wboyn97@miibeian.gov.cn,2UKW3TVYb4Ys
Dexter,Guppie,dguppie98@blogs.com,UXcR197L7WC
Phaidra,O'Rourke,porourke99@merriam-webster.com,oRj3EEhN
Randi,Bletso,rbletso9a@usda.gov,dwfBXsFap
Janine,Arno,jarno9b@fc2.com,ZDA5zu7h2c
Lorena,Burker,lburker9c@paypal.com,K7j0mCLTtvi
Toddy,Mathivat,tmathivat9d@ox.ac.uk,Cdi47gp0S
Sally,Dempsey,sdempsey9e@constantcontact.com,FpMLGF
Norah,Birley,nbirley9f@php.net,bgbWsoj2v2sr
Rita,Marley,rmarley9g@cam.ac.uk,oaAcVKAn
Rosemary,Anstee,ranstee9h@blinklist.com,8qwH1x8P3
Patience,Goare,pgoare9i@engadget.com,PaUCifB
Aimil,Crommett,acrommett9j@youtu.be,Bo5dDJxfC4NT
Maurita,Bartleman,mbartleman9k@lulu.com,ZlHtr8he
Laurie,Parbrook,lparbrook9l@scribd.com,DMDWzcfCE2u
Manya,Gronous,mgronous9m@dyndns.org,vY0t7ROEsyOQ
Lib,Strafen,lstrafen9n@go.com,ONzB6x8
Jaclyn,Bussens,jbussens9o@dailymail.co.uk,VVUVqRugAPQ
Dorris,Tilbey,dtilbey9p@jigsy.com,os4pkyPrx
Stefanie,Gimbrett,sgimbrett9q@ca.gov,NkSFig
Rafe,Yurkiewicz,ryurkiewicz9r@gnu.org,GOI4xiW7R
Irene,Edgars,iedgars9s@imgur.com,6mPUTrQG
Lukas,Milan,lmilan9t@stumbleupon.com,ktW0P8Xnh
Rafe,Laise,rlaise9u@domainmarket.com,jTWWbKgnRbwV
Melodie,Ygou,mygou9v@github.com,PJvqEJ
Sim,Handscomb,shandscomb9w@weather.com,hOm2FumV
Annice,Phettis,aphettis9x@ning.com,lENpStUb
Annaliese,Springer,aspringer9y@unicef.org,rmDlJs4f
Arie,Earl,aearl9z@tinyurl.com,4SFyeI
Lottie,Kennett,lkennetta0@timesonline.co.uk,MtJzfg2sFg24
Alexia,Learmonth,alearmontha1@mysql.com,ldKwGgAl
Neville,Shortland,nshortlanda2@youtube.com,xRFbKScWLG
Shoshanna,Merington,smeringtona3@imageshack.us,s6esk467Ll
Jacquelin,Lafaye,jlafayea4@flavors.me,avNYN242C
Bethena,Quakley,bquakleya5@bing.com,MUaIOWBz3Guz
Willette,Pleat,wpleata6@phoca.cz,9wCOuAE
Clare,Neno,cnenoa7@jalbum.net,5PlI0sOtfB
Cassaundra,Gerty,cgertya8@issuu.com,koEg0yNetSdp
Angelita,Febry,afebrya9@mysql.com,ihbN1p
Reinold,Cahani,rcahaniaa@prnewswire.com,bNX8LM
Faunie,Denial,fdenialab@github.io,mTxtw54RoOS
Boycie,Goodlad,bgoodladac@google.it,2nlp4u389Oe
Sigismund,Timby,stimbyad@nih.gov,pD0jZw
Kalvin,Logsdale,klogsdaleae@wp.com,GdKvRCstg
Abagail,Poxon,apoxonaf@imdb.com,v0k7jQ37yF
Collen,Fernier,cfernierag@godaddy.com,SzoqxAj
Nada,Grigs,ngrigsah@telegraph.co.uk,9zMSMlK4
Laurella,Andriessen,landriessenai@hibu.com,terPRjYZD
Munmro,Rising,mrisingaj@vimeo.com,L4ZqR11EymwQ
Garik,Bartholomaus,gbartholomausak@house.gov,d6x4Qi786fNj
Clarey,Darbey,cdarbeyal@bbc.co.uk,12rGigEL1pqh
Hammad,McCluin,hmccluinam@ucoz.ru,Hehj7U42Vz
Kaitlyn,Mandrake,kmandrakean@economist.com,GoCThQnW
Jaquenette,Reoch,jreochao@psu.edu,v0CFtmJa0kFk
Major,Vinecombe,mvinecombeap@nydailynews.com,qvWKb1vpFai
Mayor,Matkin,mmatkinaq@vk.com,WHcR2HMkl5F
Rickie,Ivakhin,rivakhinar@springer.com,sB5FHhC8E
Dorine,Rugg,druggas@meetup.com,4DykMXaMT
Fiann,Birrel,fbirrelat@flickr.com,MLrb22
Kelley,Hullett,khullettau@geocities.jp,oQmwFlMH
Olav,Crowden,ocrowdenav@ocn.ne.jp,KKEqZEijvmun
Yolande,Shilling,yshillingaw@mayoclinic.com,Kp7Dp53fRbvd
Elliot,Ciraldo,eciraldoax@goodreads.com,fCYSRg
Stephana,MacRory,smacroryay@furl.net,dCoM4pJhsXP
Heindrick,Coales,hcoalesaz@purevolume.com,6Y1Uvf4
Bax,Dulanty,bdulantyb0@pinterest.com,KUaUvuYE
Talbert,Huglin,thuglinb1@google.pl,4FVX13H
Noble,Varndall,nvarndallb2@yahoo.com,SmFwhH
Ellary,Keays,ekeaysb3@typepad.com,meeAOseO4G
Marga,Ecclestone,mecclestoneb4@nature.com,LmW19mvGY
Andrea,Strother,astrotherb5@oakley.com,HBmFKfe9k
Claudell,Saxby,csaxbyb6@nasa.gov,2NTeDJ
Edgardo,Stretton,estrettonb7@cmu.edu,l1MJRdB
Kessiah,Ginn,kginnb8@google.es,wAPpmX
Sidonia,Barford,sbarfordb9@berkeley.edu,FnFEA6ym2wyF
Toiboid,Rivitt,trivittba@nyu.edu,IehlpVG
Teddie,Cardew,tcardewbb@yandex.ru,UyC7h2AGni
Kermie,Mollene,kmollenebc@themeforest.net,j4k68U0mV
Carlyn,Folliott,cfolliottbd@mlb.com,QkgmOqsbI
Adelbert,Kershaw,akershawbe@netscape.com,GJ6RQeliZ
Norina,Coo,ncoobf@ycombinator.com,CJgNFGI
Reena,Maxweell,rmaxweellbg@soundcloud.com,xU3ZmNNwGF
Giuditta,Summerson,gsummersonbh@cam.ac.uk,6uNPhjIUeq
Rozella,Aucoate,raucoatebi@homestead.com,wEk6mszLLL
Sly,Treweke,strewekebj@rambler.ru,xGEDBx
Evelina,Josephov,ejosephovbk@dell.com,Q3KavQBKER6i
Sile,Goodwins,sgoodwinsbl@slashdot.org,hXlyoj
Rourke,Mantrup,rmantrupbm@abc.net.au,uAHP4UKk5A5n
Victoria,Daud,vdaudbn@woothemes.com,8vgAjz1zgDbm
Dyan,MacGowing,dmacgowingbo@wikimedia.org,GAXAgcYXhh
Jareb,Stileman,jstilemanbp@marriott.com,WZ0pJJguc0A
Janos,Antal,jantalbq@tumblr.com,oapabbrfiSI
Rawley,Claire,rclairebr@nydailynews.com,M8ng2aCjq
Salome,Prigg,spriggbs@virginia.edu,sVPU3bmU8
Jaquelin,Martschik,jmartschikbt@baidu.com,BFCS5q9s
Any,Andreacci,aandreaccibu@photobucket.com,oSPpZI
Crissy,Vanyard,cvanyardbv@java.com,RgsGzn60JcF
Kaitlynn,Kocher,kkocherbw@yellowpages.com,wih61h998
Pernell,Quelch,pquelchbx@twitpic.com,iGtDTAwVvY
Angelo,Vasler,avaslerby@un.org,7T1Okp
Neila,Emnoney,nemnoneybz@marriott.com,bNqwXf
Esmeralda,Caughan,ecaughanc0@github.io,VuMRvoYy
Fernando,Jarrette,fjarrettec1@go.com,J3Rrzf
Hobard,Yallowley,hyallowleyc2@bloglines.com,BZi8jHw54t
Shena,Bramford,sbramfordc3@msu.edu,eFTXg2bs34
Crissy,Bradie,cbradiec4@arstechnica.com,ynojsyyRa
Ruthy,Jordan,rjordanc5@aboutads.info,j9qaoQj
Rebecca,Pizzie,rpizziec6@bizjournals.com,d4SFriBZ
Anica,Harcus,aharcusc7@wired.com,WIIFGZ4D6Z6h
Rickie,Rippingale,rrippingalec8@ustream.tv,OlA9qgrupzc
De witt,Millichip,dmillichipc9@cisco.com,FXmS3ChPdX
Malina,Westmore,mwestmoreca@surveymonkey.com,aBDExYH9RveH
Artemus,Sawart,asawartcb@hc360.com,aAIyxi3rp
Wyatan,Jager,wjagercc@tinyurl.com,6yYdIKl
Cindra,Hinkes,chinkescd@google.com,j1haAI
Zedekiah,Junifer,zjuniferce@mapquest.com,K0Ie46
Jimmie,Boxhall,jboxhallcf@parallels.com,tCehlJ
Nessy,Acosta,nacostacg@qq.com,pQaiXFfpPz7
Percy,Clementel,pclementelch@4shared.com,nre0NRFZQY
Park,Siddaley,psiddaleyci@spiegel.de,GiVatrS
Mira,Krishtopaittis,mkrishtopaittiscj@cbsnews.com,MqrglAF50aC0
Neysa,Male,nmaleck@cbslocal.com,wEQz25CrQg
Dallis,Bollam,dbollamcl@is.gd,HPapFXx
Owen,Saltsberg,osaltsbergcm@clickbank.net,gW5hXDaKw
Georgeanne,Armatidge,garmatidgecn@acquirethisname.com,sDqF7BCCzDx
Wendy,Chataignier,wchataignierco@marketwatch.com,eSQK503Mq8f
Maribelle,Vashchenko,mvashchenkocp@fda.gov,ResV8D
Morgen,Ditchett,mditchettcq@mapquest.com,LHFzGN8uHS
Brooks,Willans,bwillanscr@ycombinator.com,lRqCQCpntNb7
Caria,Vincent,cvincentcs@illinois.edu,0WerRE
Corrianne,Ring,cringct@nhs.uk,gEWLGS7Hp
Jennica,Gravenor,jgravenorcu@altervista.org,VsthBbDXdxg
Horst,Byles,hbylescv@bandcamp.com,KwDHqorne
Timmie,Pascoe,tpascoecw@who.int,5NohOt
Rawley,Given,rgivencx@tinyurl.com,5jUUle
Gisele,Baldung,gbaldungcy@naver.com,t5Gsxq9F24
Hillel,Nossent,hnossentcz@naver.com,N6Gh9kP
Casar,Mitcheson,cmitchesond0@discuz.net,L67Minkccc
Duane,Cheek,dcheekd1@berkeley.edu,hjswL4j
Brendis,Chiese,bchiesed2@whitehouse.gov,hqjhqf5
Grethel,Caplin,gcaplind3@51.la,4F9lfVNW
Ardelle,Airdrie,aairdried4@xinhuanet.com,42KcZ8J
Valina,Kember,vkemberd5@aol.com,gQvamDV
Ariana,Kilbourn,akilbournd6@auda.org.au,B8WeLAq
Karel,Peake,kpeaked7@bbc.co.uk,ewjhCU
Correna,Slowcock,cslowcockd8@tumblr.com,g88XFunWy
Arnuad,Mallall,amallalld9@spiegel.de,ryXZJb7Vr
Silva,De La Coste,sdelacosteda@mapy.cz,nzovICWwYtW
Bondy,Pareman,bparemandb@vinaora.com,Wpe7qBJiP
Sharona,McKay,smckaydc@tamu.edu,lY7wFT
Isabelita,Cobbled,icobbleddd@hc360.com,B7xknv
Trev,Engeham,tengehamde@wufoo.com,gk7sTyKUn
Glenna,Bearfoot,gbearfootdf@time.com,2SfRBtCH2
Rica,Kempstone,rkempstonedg@dmoz.org,X4mCho50oS
Estell,Iacovielli,eiacoviellidh@weibo.com,nOpNOsm4L
Maurizia,Gosart,mgosartdi@hhs.gov,LkT9Ycw5ZIOv
Juana,Hundal,jhundaldj@dailymail.co.uk,m7aOCTUB
Marisa,Jantot,mjantotdk@squarespace.com,hcpdvDEW
Karel,Chatenier,kchatenierdl@patch.com,Iqh5FUjx
Natal,Marthen,nmarthendm@sitemeter.com,RbGruT
Corrie,Mackrill,cmackrilldn@jiathis.com,Z6A0Wp60ggU
Sancho,Rojahn,srojahndo@samsung.com,WiNJ6tKia
Didi,Ismay,dismaydp@freewebs.com,SJA13c
Deloria,Lutz,dlutzdq@indiatimes.com,jT4Quj2uN6FM
Hamil,Borlease,hborleasedr@ask.com,EOdmMG1JcIt6
Amil,Lahy,alahyds@ifeng.com,AjPtUR38Fr3M
Rozalie,Fleet,rfleetdt@vinaora.com,1MYpjYl8H
Cleopatra,Sancto,csanctodu@squarespace.com,Zxtr1GH
Glen,McGuiness,gmcguinessdv@vimeo.com,XLjzwYqOV
Conni,Lamberth,clamberthdw@behance.net,aTn6T2ra
Gaspar,Broxup,gbroxupdx@tinypic.com,xeTBQls
Stanislas,Tolland,stollanddy@yahoo.co.jp,BI52Pe
Nadean,Levis,nlevisdz@cnet.com,qgKXiVe
Elisabeth,Odell,eodelle0@sciencedaily.com,JdhnhmMAJMUp
Gale,Avison,gavisone1@elpais.com,jQpuBadAA6
Rodina,Yakunin,ryakunine2@bigcartel.com,KnlQCsbDs
Sascha,Westphalen,swestphalene3@1und1.de,kII3cmeiWv0B
Godfrey,McNish,gmcnishe4@businessweek.com,c7ZktAGp8hd0
Jamie,MacIllrick,jmacillricke5@vimeo.com,lMIHIGU54zX
Viv,De Gogay,vdegogaye6@blogspot.com,JDmA8LQ
Karoly,Temblett,ktemblette7@csmonitor.com,q0r2tV
Kaye,Endley,kendleye8@digg.com,kQZYm4qZ
Rosaline,Stut,rstute9@cbsnews.com,yE03uG9ZqA5
Jenine,Kellogg,jkelloggea@spotify.com,ELLpoX
Saloma,Twinterman,stwintermaneb@angelfire.com,kh4CLNhmhl
Berty,Gange,bgangeec@posterous.com,1eyqCJ3d
Catherine,Scad,cscaded@nih.gov,VE4OyKBhY4
Marcellus,Nappin,mnappinee@trellian.com,hryE6IEGy3
Neall,Gabbitas,ngabbitasef@exblog.jp,ZcCwbS
Ceciley,Kelwick,ckelwickeg@pbs.org,X1LdfRv
Benoit,Huntriss,bhuntrisseh@qq.com,NkyCob5wceAN
Deloris,Tremeer,dtremeerei@w3.org,sf2O8Q
Mayer,Pender,mpenderej@ca.gov,AKXCRJefcs
Collen,Ebbing,cebbingek@alexa.com,Nod8uVyTk
Meryl,Nequest,mnequestel@hubpages.com,wX34Qv6X18
Meir,Sloane,msloaneem@smh.com.au,pjUim6kYgX2
Darsey,Pembry,dpembryen@symantec.com,PnRbPIcbiLA
Brier,Whiskerd,bwhiskerdeo@oaic.gov.au,cYdoWRuPiiH
Baron,Quincey,bquinceyep@mlb.com,2EF7Sk
Tobit,Behr,tbehreq@usgs.gov,oCsyra
Bertina,Pinel,bpineler@youtube.com,eyQoT2LI3eq
Shayla,Snelman,ssnelmanes@constantcontact.com,QkffoekrCxKZ
Cherice,O'Canavan,cocanavanet@ehow.com,RF6gVevVwc
Christophorus,Grocutt,cgrocutteu@google.ru,wNc0gOa0M
Darya,Munks,dmunksev@networkadvertising.org,AKKaGoQ
Hartley,Malenfant,hmalenfantew@cmu.edu,hXrnfB
Alva,MacRanald,amacranaldex@networksolutions.com,bX7VRHNr
Finley,Alner,falnerey@oakley.com,P7Dajkl
Patrick,Rudd,pruddez@google.fr,19ndQ13NgN
Ronna,Battle,rbattlef0@weebly.com,hfbTEKo
Sheridan,Dooly,sdoolyf1@fastcompany.com,zJ4j1X7x
Clari,Haysey,chayseyf2@dagondesign.com,cIUMnAjr
Morton,Ianizzi,mianizzif3@github.io,wSUXReo
Alex,Goldes,agoldesf4@opera.com,YiF3FMd0jL4
Moreen,Culy,mculyf5@gmpg.org,fLWrAC
Lorine,Sarver,lsarverf6@vk.com,Cxh0oX71kR
Jenda,Bennitt,jbennittf7@nhs.uk,vDaXqz3Bdnp
Ameline,Haggas,ahaggasf8@telegraph.co.uk,2b45nz2BgU1
Arabelle,Marlon,amarlonf9@de.vu,jBoFkZo
Viv,Gifford,vgiffordfa@sourceforge.net,X2dnfv5FQ6n
Gisele,Cragell,gcragellfb@diigo.com,UI9QjSM
Carissa,Drake,cdrakefc@trellian.com,y2bOcdFB380
Dorella,Eldred,deldredfd@123-reg.co.uk,X1UGlNsl
Ingaborg,Doulton,idoultonfe@sciencedaily.com,va1JIotB7
Wallis,Buckbee,wbuckbeeff@gnu.org,GquTQ1ful
Karolina,McLanaghan,kmclanaghanfg@prnewswire.com,Wzw9KS8SUIvB
Malachi,Goudard,mgoudardfh@nationalgeographic.com,pxk2c39U
Nicole,Samways,nsamwaysfi@storify.com,azgGzPE
Avery,Ratlee,aratleefj@reference.com,0lr6rro
Hanan,Coton,hcotonfk@apache.org,objvbt3l6w
Gunar,Drife,gdrifefl@kickstarter.com,z1RjWaBD
Avril,Fydo,afydofm@pagesperso-orange.fr,kkMueSU7RWOs
Fleurette,Stallard,fstallardfn@google.co.uk,6WhT40K9Ws4t
Ware,Jewar,wjewarfo@upenn.edu,NNKSns4LkSoq
Trev,De Giovanni,tdegiovannifp@marketwatch.com,Yh9MJf
Anette,D'Oyly,adoylyfq@webs.com,hNSywt
Davida,Goodbanne,dgoodbannefr@youtube.com,th0KDdrzNLk
Doug,Buxam,dbuxamfs@alibaba.com,ak9GozAu
Tandy,Anniwell,tanniwellft@discovery.com,4XtWX6tC
Elnar,Senten,esentenfu@hibu.com,ZE9jIS1tlw0
Frederic,Mattedi,fmattedifv@cdbaby.com,yKY8Jg4StkUL
Natalie,Jojic,njojicfw@slideshare.net,eaq7GPbB
Philis,Lampart,plampartfx@twitpic.com,4bNJ6i8INLqF
Billye,Corten,bcortenfy@si.edu,XFJpjiO
Tyne,Bodham,tbodhamfz@uol.com.br,vfAwCWeDVx
Esmaria,Bambrough,ebambroughg0@marriott.com,WqjvbWZqzwVj
Normie,Cummins,ncumminsg1@wikimedia.org,Hf9SLSKbg
Angelico,Aspell,aaspellg2@yahoo.co.jp,tIwbWrA
Reynolds,Como,rcomog3@nymag.com,rZdfYOg
Dion,Brierton,dbriertong4@imageshack.us,gYxUf5JMnKn
Neddy,Obey,nobeyg5@archive.org,DPDQ8iZRm
Clementina,Florentine,cflorentineg6@123-reg.co.uk,mOW1ccKJLE8t
Bancroft,Del Monte,bdelmonteg7@google.cn,UDZrSjVyO0d
Samuele,Fries,sfriesg8@newsvine.com,xLu3AV8
Madella,Iacobini,miacobinig9@blogtalkradio.com,nMPJMJqHU5d
Welsh,Abendroth,wabendrothga@cyberchimps.com,nBfmvHHd18I
Johnna,Meads,jmeadsgb@example.com,O18p7Ue27
Cathryn,Croizier,ccroiziergc@phpbb.com,RkD8BfVYNvuS
Benoite,Kaines,bkainesgd@tamu.edu,oemLCP9C
Aguste,Sidaway,asidawayge@qq.com,TWpWtQn
Violette,Lincoln,vlincolngf@liveinternet.ru,Wo6HVip
Allina,Pavlik,apavlikgg@sohu.com,iQyrVA
Berri,Dowson,bdowsongh@typepad.com,OAZuy3rUD
Franzen,Kix,fkixgi@g.co,oJWrojZ1IQme
Baxter,Spindler,bspindlergj@addtoany.com,S9bU7nCI
Karlee,McFaell,kmcfaellgk@hibu.com,oRwoMyWXM
Cassondra,Nono,cnonogl@sourceforge.net,MQLSTssHHO
Reagen,Rickarsey,rrickarseygm@buzzfeed.com,i5shjNnV
Sascha,Tulloch,stullochgn@godaddy.com,zwO1Mf
Nevsa,Hampson,nhampsongo@nyu.edu,2D6efz
Annalee,Bercher,aberchergp@elegantthemes.com,OzsoGVQyBW
Vyky,Blackaller,vblackallergq@purevolume.com,2CSBJUC8XjHS
Flem,Paullin,fpaullingr@seesaa.net,Nt65r8
Cordy,Phipard-Shears,cphipardshearsgs@huffingtonpost.com,ObTfZKe
Zaneta,Karpov,zkarpovgt@engadget.com,VpqHV59D35pj
Vanny,Marchelli,vmarchelligu@guardian.co.uk,tastD81A
Rhett,Akast,rakastgv@istockphoto.com,MkcnENdkyk
Arline,Grindlay,agrindlaygw@skype.com,1vKNUW9r
Babbie,Murrison,bmurrisongx@stumbleupon.com,EdChnLK
Vernice,Huff,vhuffgy@reference.com,X6yiemVM
Kylie,Garfirth,kgarfirthgz@mayoclinic.com,uitYCgad2tA
Claudius,Snedden,csneddenh0@squarespace.com,Ho9gtYkflSA
Niccolo,Manuello,nmanuelloh1@diigo.com,GKuJE3Vlzl
Darb,Heasly,dheaslyh2@list-manage.com,8I0QjXXfFPAd
Jaquelin,Simka,jsimkah3@ovh.net,mSjySqBLDk1
Janean,Makey,jmakeyh4@nih.gov,s5Tjm1
Ilise,Shilladay,ishilladayh5@microsoft.com,yUyCzDA0
Hoyt,Freeman,hfreemanh6@zdnet.com,ElQZxMsD5s
Netta,Carnall,ncarnallh7@fda.gov,hLXGSm26AJh
Thomasin,Levet,tleveth8@issuu.com,liUJyRXb7Z2F
Jeanie,Boutellier,jboutellierh9@posterous.com,Af5yPUsL8p
Danielle,Oddie,doddieha@delicious.com,SkVeMCxBcEMo
Robbyn,Dace,rdacehb@comsenz.com,vfX42G
Valentine,Goldsbrough,vgoldsbroughhc@wikipedia.org,vttszUi690
Dona,Winear,dwinearhd@devhub.com,VQ1dnDZf4
Tessa,Teligin,tteliginhe@geocities.jp,jukPkO7MKkL
Edyth,Sickling,esicklinghf@hud.gov,5StI7EgAdsi
Philis,Tucknott,ptucknotthg@alibaba.com,Mi7rSu3
Otho,Flux,ofluxhh@nifty.com,n5KuBsJjxW
Elysha,Chaff,echaffhi@goo.gl,syqYFL8tjHR
Clevie,Brimelow,cbrimelowhj@usda.gov,cfB9mlSHMJx
Jaime,Flaxon,jflaxonhk@bbc.co.uk,SNYXzHhgnR
Andrei,Nichol,anicholhl@github.com,lamstJe
Jeannine,McGaw,jmcgawhm@boston.com,SO22R0nypw
Rockie,Klewer,rklewerhn@ehow.com,ScTIqcoqfEw
Carlota,Spilsted,cspilstedho@naver.com,CiUaqWJj
Lesley,Yarrow,lyarrowhp@google.com.hk,gYMuW6tW
Maryann,Sparks,msparkshq@yolasite.com,ybbvBD
Nicky,Hibling,nhiblinghr@upenn.edu,ix6XrnCUw
Farica,Merrywether,fmerrywetherhs@artisteer.com,gVthHvDXVC8
Lita,Habbin,lhabbinht@tinyurl.com,6tQwDjGGqwJ
Laird,Fetherby,lfetherbyhu@nbcnews.com,5HVIa3
Carley,Syddie,csyddiehv@discuz.net,IpSns9
Nolan,Feragh,nferaghhw@qq.com,0SaaCaDLBMa
Di,Shellshear,dshellshearhx@ihg.com,a6vXjTL
Alane,Huttley,ahuttleyhy@sbwire.com,tr3rhRt
Eberhard,Hartle,ehartlehz@tinypic.com,wwzAjuc
Dayle,Serck,dsercki0@cnn.com,9nlx9lh
Amandi,Aubery,aauberyi1@miibeian.gov.cn,1ywr4Zzv
Valera,Aronin,varonini2@pagesperso-orange.fr,Iki3il
Evered,Capini,ecapinii3@auda.org.au,0RpkBPnA
Malia,Laity,mlaityi4@slate.com,6xIfcuO0ILm
Kimmie,Raubenheimers,kraubenheimersi5@businessinsider.com,8ZcUmyiO
Daune,Eberdt,deberdti6@va.gov,nUdzRyOvLjQ
Tildie,Dwire,tdwirei7@trellian.com,4l9c1ZxaUbE8
Leila,Ganley,lganleyi8@dot.gov,MKp2zpz
Silas,Barrus,sbarrusi9@ted.com,4Xdc52ft2k
Torrence,Ankrett,tankrettia@com.com,0QKQ8HF
Corabella,Freed,cfreedib@csmonitor.com,KnjiB1AYLi8
Beatrice,Burman,bburmanic@posterous.com,g1RamlXg
Emalee,Rainbow,erainbowid@sfgate.com,lZQreI6Y
Douglas,Collabine,dcollabineie@deliciousdays.com,mMDv0UIbTSX
Cobby,Sutherden,csutherdenif@geocities.jp,ticStGctxp8j
Tove,Conachy,tconachyig@plala.or.jp,2Mb4nUZPuKC
Hamilton,Rutherfoord,hrutherfoordih@phoca.cz,wmw2q0iQPRVw
Rudyard,Wrankmore,rwrankmoreii@mapquest.com,fYbPjBpE
Kariotta,Franzonello,kfranzonelloij@pinterest.com,wyCxU1
Cherrita,Fryd,cfrydik@marketwatch.com,mmnHt1L
Gigi,Somers,gsomersil@sakura.ne.jp,Bff9JvAUr
Yuma,Barsby,ybarsbyim@123-reg.co.uk,BlWSoTKDMm24
Phyllys,Puvia,ppuviain@reuters.com,XU2nRUbnELV
Carolus,Eglaise,ceglaiseio@liveinternet.ru,wk354p9I
Brandea,Drane,bdraneip@prlog.org,KqXmI6lELib
Washington,Willars,wwillarsiq@freewebs.com,IpALWDPf
Carolin,Whettleton,cwhettletonir@webeden.co.uk,5YBSRKjRY
Jilli,Franz-Schoninger,jfranzschoningeris@nsw.gov.au,QtCXqPNUu
Denney,Mulbery,dmulberyit@fc2.com,Es0UqSXES
Anabal,Corrie,acorrieiu@admin.ch,UqHRKIbuCd
Felicia,MacColl,fmaccolliv@mapy.cz,ZDYfqhwKKl
Dru,Beers,dbeersiw@ameblo.jp,WmInN6i
Chas,Goodale,cgoodaleix@latimes.com,7Sg1OnEefs
Rosaleen,Shrimpton,rshrimptoniy@arstechnica.com,EVOcaUtA
Ev,Doughty,edoughtyiz@studiopress.com,67bG6NTUR4yb
Sonnnie,McMurty,smcmurtyj0@google.cn,WilOnmN5ybn
Tabbitha,D'Aeth,tdaethj1@ameblo.jp,sc3unC
Hall,Boyes,hboyesj2@biglobe.ne.jp,wplWoh
Corly,Junkinson,cjunkinsonj3@theguardian.com,Ns5WBU
Reta,Jaulme,rjaulmej4@youku.com,MaCr76AUMk8P
Rusty,Holliar,rholliarj5@usnews.com,pFG4WTQ
Alla,Firidolfi,afiridolfij6@so-net.ne.jp,XHzzR3r8FJ
Jillane,Teml,jtemlj7@bloglines.com,GpVXgBdEr
Silvan,Luca,slucaj8@china.com.cn,NOFRjJmLUY
Shela,Dowsing,sdowsingj9@hibu.com,PJwqCPx9QPwa
Marrissa,Peverell,mpeverellja@dot.gov,iww2x0
Sansone,Pridden,spriddenjb@shop-pro.jp,QGamuSsZcY
Claudio,Gaddas,cgaddasjc@mashable.com,nRivwHuQ7
Bobbe,Geelan,bgeelanjd@barnesandnoble.com,JQmdU99
Augy,Coade,acoadeje@comcast.net,kLFSI4g9aM4
Issi,Abercrombie,iabercrombiejf@va.gov,o3JoGUhsMUhD
Lissie,Insley,linsleyjg@nymag.com,hA3P1aQm77L
Amalea,Winsom,awinsomjh@symantec.com,5gDDiniAAxz
Allsun,Kettlestring,akettlestringji@thetimes.co.uk,jyORR2x
Shae,Height,sheightjj@msn.com,BZI3vFea
Granthem,Portam,gportamjk@cbslocal.com,Vvn7wIhBItpY
Jacques,Valeri,jvalerijl@topsy.com,0Ks80GMf9x4Y
Carol-jean,Schild,cschildjm@woothemes.com,png8rw
Nestor,Whitechurch,nwhitechurchjn@jigsy.com,JHogDw4bsEv
Reggie,Strasse,rstrassejo@live.com,QkYlJkPfd
Mandie,McCallister,mmccallisterjp@wufoo.com,9BNQJ7fod
Mechelle,Collister,mcollisterjq@alexa.com,N1uEJQr75
Stormy,Ogles,soglesjr@ebay.com,KYdTYvpEDx2y
Brittne,Kevis,bkevisjs@guardian.co.uk,976lTQG0yAB
Jewelle,Karolczyk,jkarolczykjt@accuweather.com,F3ktRxYoj
Jackelyn,McNickle,jmcnickleju@symantec.com,CsnFxmioo2jO
Gale,Beastall,gbeastalljv@nifty.com,HMM9oQTciAhx
Rosita,Cotsford,rcotsfordjw@unicef.org,0Bc6kFZq
Aubrey,Giral,agiraljx@time.com,yb2z6mU1E
Janka,Kick,jkickjy@ebay.co.uk,0T8njeyf5
Genny,Cicerone,gciceronejz@chicagotribune.com,70J74z8Gd
Finley,Hutten,fhuttenk0@google.cn,TbhppwhC0
Francene,Stradling,fstradlingk1@hibu.com,lJm9r1
Karyn,Dayborne,kdaybornek2@businessweek.com,jDtchHkM0
Jermaine,Bedson,jbedsonk3@webeden.co.uk,izHGg86UmzE
Susanetta,Hintze,shintzek4@go.com,tgiU3sh
Lacey,Kilner,lkilnerk5@dropbox.com,mLkGWU9R
Moore,Greenard,mgreenardk6@webeden.co.uk,ZqLRryu
Farrah,Siggery,fsiggeryk7@vinaora.com,Xj6iMzlTrks
Wynny,Simenet,wsimenetk8@cmu.edu,9EcBahCSJ
Loutitia,Cosyns,lcosynsk9@google.nl,eMoQbVlz
Kingsly,Hurler,khurlerka@intel.com,C6Hpi1qZQvi
Andromache,Claremont,aclaremontkb@woothemes.com,oW6WrTfohs0
Wang,Lepoidevin,wlepoidevinkc@amazon.co.uk,UBYOKeU
Victoria,Ridsdell,vridsdellkd@altervista.org,3Wr01mhfiuV
Helene,Harrad,hharradke@ucoz.ru,wfvroCWpg
Bernie,Caseri,bcaserikf@alexa.com,JmP8ASXz3
Elita,Gelly,egellykg@sina.com.cn,XM8bCMDR4k
Gabbi,Taill,gtaillkh@t.co,YdUeoV
Ripley,Tremblay,rtremblayki@mozilla.com,TSxrDenCZ2
Christiano,Glentworth,cglentworthkj@taobao.com,UoiKAByGHYc
Andrei,Philipeau,aphilipeaukk@census.gov,AL9h1hz
Teena,Allenby,tallenbykl@prweb.com,bfOrDtA
Ronica,Issit,rissitkm@ucla.edu,h6lkrpZ
Eveline,Creighton,ecreightonkn@prweb.com,zUB1HEOF6
Anthe,Belderfield,abelderfieldko@bandcamp.com,zraAoitRK
Ruby,Keizman,rkeizmankp@apple.com,BY8a9iOipC1V
Gray,Brody,gbrodykq@artisteer.com,M40kBU0wFYQ
Tobye,Garroway,tgarrowaykr@google.es,KgBJk0l6
Twyla,Skelhorne,tskelhorneks@bloomberg.com,l8DrE1OCSwHj
Philly,Benck,pbenckkt@xinhuanet.com,jvHR0rPyU
Val,Bampfield,vbampfieldku@canalblog.com,UYy2B6whQuW
Jenn,Varfolomeev,jvarfolomeevkv@umich.edu,gFnngpcNB
Diann,Rushmere,drushmerekw@mail.ru,p2j9uY2
Neilla,Hadden,nhaddenkx@elegantthemes.com,4bsIG7HH
Darnell,Yanyshev,dyanyshevky@facebook.com,xZhx8tq7hny
Vanda,Brickham,vbrickhamkz@sun.com,YHnSHZ9
Scott,Leeburn,sleeburnl0@seattletimes.com,PiSUBMBht
Zebulon,McGinty,zmcgintyl1@youtu.be,nrf0qsug
Gabriello,Rude,grudel2@seattletimes.com,p06ZXvo4e
Georgeanne,Middlemiss,gmiddlemissl3@skyrock.com,eyJAAKYHd
Serene,Hammerstone,shammerstonel4@yandex.ru,kOFrAnO0DM
Vevay,Thames,vthamesl5@rediff.com,QgPyEE0ia
Hakeem,Alforde,halfordel6@berkeley.edu,A8wp7jSP0Ud
Selina,Stubbes,sstubbesl7@odnoklassniki.ru,h2AQbv
Esmeralda,Castellone,ecastellonel8@smh.com.au,o7wKxc1A
Jenica,Boame,jboamel9@drupal.org,qFOs6t3E
Auberta,Cornick,acornickla@ask.com,rjgLM4Wc
Marje,Fante,mfantelb@woothemes.com,4Qgdxb6
Redford,Pyner,rpynerlc@4shared.com,Us9RpFmRcph
Chase,Devonald,cdevonaldld@domainmarket.com,vjY0J6
Tierney,Tregiddo,ttregiddole@goodreads.com,g7hnSX
Florri,Robilliard,frobilliardlf@webnode.com,KC8FoDiVlZP
Hazel,St Ledger,hstledgerlg@uiuc.edu,z3cEeDA
Scott,Brazener,sbrazenerlh@xing.com,6aGpGe
Belvia,Commusso,bcommussoli@accuweather.com,oRbRpo5u92eV
Ofelia,Nannetti,onannettilj@geocities.jp,aRkkvbZJ
Harold,De Gregorio,hdegregoriolk@t.co,HafD0jl5
Lavina,Sybe,lsybell@rediff.com,tde8IckbG
Tremain,Delahunty,tdelahuntylm@amazon.com,yLyWNAjhCUZu
Gordie,Alfonzo,galfonzoln@globo.com,Th8OVSl2
Robinson,Goldsbrough,rgoldsbroughlo@auda.org.au,sw3fAmMzf1C
Kalil,Peche,kpechelp@telegraph.co.uk,Y4lielO3V5YW
Jemmie,Burberow,jburberowlq@posterous.com,KKZoK0D5
Sylas,Teaz,steazlr@qq.com,tUQAQ15x8N2l
Melisa,Bruggeman,mbruggemanls@ezinearticles.com,DjRRia2T9z
Haslett,Frise,hfriselt@joomla.org,KD78tkGUuR
Vladimir,Gainsbury,vgainsburylu@flickr.com,WxQfxPgNXph
Byrle,Widger,bwidgerlv@mozilla.com,LsOcqC
Reginald,Gaskins,rgaskinslw@twitpic.com,iuPyyPgT
Ken,holmes,kholmeslx@google.fr,QiI0seFO
Alexander,Camelin,acamelinly@si.edu,xWbLHDXsDGOE
Murray,Kolushev,mkolushevlz@imageshack.us,8hVF8k1NTsGa
Jacintha,Akeherst,jakeherstm0@zdnet.com,d0iNDL
Kim,Friend,kfriendm1@mysql.com,lKX0lJrhWgB
Benson,Stranaghan,bstranaghanm2@army.mil,LSzdGVIC
Lorry,Jencey,ljenceym3@imdb.com,UJ1gPWVmLxW6
Charin,Bramsen,cbramsenm4@privacy.gov.au,l9LtL2x
Herve,Sheen,hsheenm5@webeden.co.uk,ROGo3Zf
Vittorio,Betteson,vbettesonm6@squarespace.com,2TX4IS
Brett,McVey,bmcveym7@aol.com,briv3I0
Finlay,Schneider,fschneiderm8@flavors.me,XX1kQRyey9N
Gwyneth,Meddings,gmeddingsm9@unesco.org,ApofK20qwm
Reynold,Travis,rtravisma@histats.com,S8crCnTfBH
Xymenes,Gaskall,xgaskallmb@technorati.com,OucADa
Roanne,Leschelle,rleschellemc@soup.io,odNbIwZ25Lb
Cindie,Scurrey,cscurreymd@cyberchimps.com,qp6JjIJFwX
Nickolas,Skea,nskeame@squarespace.com,oR8R4GCMw
Lynnette,Bosworth,lbosworthmf@slashdot.org,9ml9GQh
Ingeberg,Leon,ileonmg@icio.us,K7jCfLOOp
Joseph,Mackrell,jmackrellmh@aol.com,GFIdp6mW4
Sheena,Dubique,sdubiquemi@yandex.ru,kilINO
Georgi,Gripton,ggriptonmj@msn.com,Kn6MT3ZJQ4aR
Gayleen,Pimme,gpimmemk@privacy.gov.au,StYfGX
Veronike,Garratty,vgarrattyml@prlog.org,J0QQV5eJcg4
Melba,Cant,mcantmm@gravatar.com,cBRaFGhQ
Kym,Pocock,kpocockmn@wordpress.com,RYsNqvt
Teressa,Mayhow,tmayhowmo@moonfruit.com,hSUFHzVLFS
Annelise,MacDermot,amacdermotmp@earthlink.net,nzda2ll8uVUw
Cristal,Wraith,cwraithmq@livejournal.com,rxbWOeTEht
Dollie,Dhillon,ddhillonmr@salon.com,7EymaFsIA0
Cindie,Jirasek,cjirasekms@unc.edu,p4wSMdKYDh4
Carney,Leynham,cleynhammt@google.pl,NfunqD
Leah,Bellwood,lbellwoodmu@blinklist.com,0oPSBk7sE
Barny,De Cleyne,bdecleynemv@xinhuanet.com,7lp9X4
Carmelia,Tidswell,ctidswellmw@eventbrite.com,eT7dd8bZeSs
Sibelle,Keble,skeblemx@amazon.com,us7Tr7R0I9
Gussy,Byas,gbyasmy@gizmodo.com,I0UVZCxqS
Larina,Bailes,lbailesmz@tuttocitta.it,xHC3ttIrCW1
Amalle,Guille,aguillen0@weather.com,BBDlwvMDS3C
Darryl,Maccrie,dmaccrien1@miitbeian.gov.cn,kIJ0sdk7q
Gusti,Seeger,gseegern2@feedburner.com,4QGJyhPGDQYM
Bendicty,Falkingham,bfalkinghamn3@tiny.cc,fnhITI9xYw
Benedicta,Faro,bfaron4@hibu.com,AEFz9Hnjg1J
Pamela,Alenshev,palenshevn5@csmonitor.com,oDTnngrsN3S
Robinette,Goodreid,rgoodreidn6@ustream.tv,dkMQArFaCMhQ
Tessa,Ponde,tponden7@zimbio.com,EjPQyhK
Vasili,Hovenden,vhovendenn8@ustream.tv,GL7VEr
Miriam,Shall,mshalln9@java.com,M0hcuIhbJ9K
Richard,Megany,rmeganyna@ucsd.edu,qbM5kTo6w
Eddi,Itzhaiek,eitzhaieknb@discuz.net,poC660gPb
Joyann,Ritelli,jritellinc@mtv.com,ksvkH40YcXr
Caryn,Flewan,cflewannd@newsvine.com,K9N4uTwjK
Karl,Mac Giany,kmacgianyne@people.com.cn,IrykT0
Jo-anne,Todeo,jtodeonf@nature.com,TgQoosJC
Derril,Agett,dagettng@sphinn.com,T74H10aje
Jozef,Cristofano,jcristofanonh@g.co,VQU6v41iThS
Glenine,Gargett,ggargettni@state.gov,8ZYABvUG61
Yetty,Dobson,ydobsonnj@opensource.org,MxHN3gB8F
Wanids,MacCaig,wmaccaignk@ning.com,j24GAi
Devy,Tomblett,dtomblettnl@usgs.gov,7Zp65XFnL
Kermie,Mangin,kmanginnm@techcrunch.com,9fmxgLxen
Angie,McPharlain,amcpharlainnn@google.co.uk,DtY3o0VT
Wallie,Garces,wgarcesno@drupal.org,6Go6hY8xfF
Jozef,Fawlo,jfawlonp@squidoo.com,Y2cBU5SLS20
Der,Bater,dbaternq@so-net.ne.jp,PCMZWB
Zachary,Attow,zattownr@cbc.ca,EYCIhjhoPAb8
Ludvig,Wardington,lwardingtonns@creativecommons.org,qGWrjWM
Madge,Macci,mmaccint@aol.com,9zoYKG4
Elmira,Aldritt,ealdrittnu@google.es,zjRQgd6RRW
Bryanty,Duckering,bduckeringnv@godaddy.com,OAGfg4yt
Noble,Vasilyevski,nvasilyevskinw@dailymotion.com,mMS2HdxD
Kipper,Endacott,kendacottnx@joomla.org,IeSM44oKc
Emmet,Pochon,epochonny@soundcloud.com,abuxT98Wi7P4
Charmion,Follit,cfollitnz@deliciousdays.com,aS5bgvIWiO56
Chev,Pfeifer,cpfeifero0@wunderground.com,RFPTpq5r
Helaine,Dagon,hdagono1@twitter.com,XaYaXSOo6
Karrie,Broun,kbrouno2@oakley.com,7PFC1LLEiawE
Colette,Dunkirk,cdunkirko3@newsvine.com,nZ0BG5YDS8
Jasen,Le Galle,jlegalleo4@smh.com.au,zDENvvDCk1
Eran,Pinwill,epinwillo5@scribd.com,nEEax0JI1
Darcee,Worsom,dworsomo6@jimdo.com,DbUIOsZ3WF
Curtice,Gillyatt,cgillyatto7@salon.com,MmdGkGYkSB
Claudetta,Cutmore,ccutmoreo8@google.pl,G9k4HtZm
Marty,Cawson,mcawsono9@purevolume.com,eUd7zx6Z
Alfred,Toman,atomanoa@myspace.com,YZ0EFL
Jazmin,Cummings,jcummingsob@odnoklassniki.ru,lZ1lQgENq
Derril,Keen,dkeenoc@abc.net.au,yiqr1Vp
Andee,McVee,amcveeod@geocities.com,BLZvuxUlluv
Ardra,Fronek,afronekoe@dmoz.org,i4DdkzqjfQG
Raddy,Rawne,rrawneof@bravesites.com,on9DoGWcvUqq
Bary,Wallege,bwallegeog@uiuc.edu,4u7ZkQn5
Karney,Chartman,kchartmanoh@toplist.cz,Z0CfvUK
Inessa,Headford,iheadfordoi@digg.com,svnGQ9t
Thorsten,Castro,tcastrooj@feedburner.com,QB5htxohm
Ilse,Drain,idrainok@printfriendly.com,T5EzIS7WZweo
Quinta,Josefowicz,qjosefowiczol@51.la,PUXXFIz
Paulie,Giovani,pgiovaniom@usgs.gov,WWxLtEkrklmB
Gabbey,Staveley,gstaveleyon@tinypic.com,llJrLr2hso
Romonda,Hannan,rhannanoo@smugmug.com,ro2kqZQ
Opal,Boyan,oboyanop@google.nl,bfBH3Yk4MRq
Seward,Rennels,srennelsoq@blinklist.com,7ZHY8o
Marj,Eyes,meyesor@livejournal.com,0VI42JubTBZI
Orly,Fridaye,ofridayeos@independent.co.uk,cmV4lyIh
Ambur,Millwall,amillwallot@google.ca,hm87emD4
Welbie,Flemmich,wflemmichou@cbc.ca,UlncYm
Haydon,Larrington,hlarringtonov@independent.co.uk,PiCOFQEo
Keane,Pilpovic,kpilpovicow@wunderground.com,m89CA9LcJ
Maryrose,Riccioppo,mriccioppoox@digg.com,ObuXfCAO
Carry,Coursor,ccoursoroy@salon.com,Mn7RoTBaAMi2
Kingsly,Anwell,kanwelloz@elegantthemes.com,2RQJIN9
Etheline,Jinkins,ejinkinsp0@blog.com,3NjNq1lpd8
Dari,Birdsey,dbirdseyp1@myspace.com,1j8omQV
William,Strodder,wstrodderp2@51.la,6StxXHiHf
Virgina,Ridler,vridlerp3@dailymotion.com,iaFyZSKEJ
William,Innes,winnesp4@sciencedirect.com,ZNekpcMDH
Perry,Britten,pbrittenp5@friendfeed.com,B893m6A66
Farly,Semper,fsemperp6@miitbeian.gov.cn,yXCWiL
Enrichetta,Altree,ealtreep7@admin.ch,W9u11n7WEW
Poul,Cours,pcoursp8@fastcompany.com,ebMxQvP1P3u1
Ellie,Fishbie,efishbiep9@aboutads.info,jaLf3fCv91
Marijo,Vardie,mvardiepa@fastcompany.com,JqevVa55sdQX
Naomi,Linzee,nlinzeepb@cafepress.com,0SHrzp
Winnie,Tithacott,wtithacottpc@guardian.co.uk,sz3lZSJcZb2g
Brittan,Inkster,binksterpd@diigo.com,RpEXHwTOv9
Ximenez,Soff,xsoffpe@1und1.de,PRO5KIqzlB4b
Rochell,Lukianov,rlukianovpf@guardian.co.uk,2BYdoq9x
Clair,Worman,cwormanpg@dailymail.co.uk,JGsZwaS2E
Maxine,Witchard,mwitchardph@ucla.edu,R66Bou
Arlana,Moine,amoinepi@wunderground.com,3TnfNxK
Emery,Dobeson,edobesonpj@cdbaby.com,MurG7Jmc4cK
Corella,Pocke,cpockepk@theatlantic.com,cA7Y1oWmxx
Monah,Francisco,mfranciscopl@reference.com,OPOMMpphj
Natale,Portchmouth,nportchmouthpm@geocities.jp,gZaYJKH
Georgeta,Hickin,ghickinpn@wikimedia.org,ZcEZCZHks6F
Penny,Do,pdopo@bloglines.com,DK7l6mCS
Brit,Scase,bscasepp@flickr.com,VcIOeZgTg5
Conn,Critzen,ccritzenpq@washingtonpost.com,2zgflk
Griz,Dansie,gdansiepr@hp.com,mwpA3eje
Dillon,Olek,dolekps@yahoo.co.jp,BF7vo7Jh461
Quincey,Adnet,qadnetpt@hao123.com,eO40yu2owo
Myer,Sweetenham,msweetenhampu@google.de,xeol480mpf
Lauritz,Joule,ljoulepv@jimdo.com,fIGPM168
Darlene,Ellicock,dellicockpw@ft.com,rrTS5KJe850O
Diana,Creaser,dcreaserpx@weather.com,fwK80ImcjZu
Gladi,Esbrook,gesbrookpy@indiegogo.com,qajCWblbKGv
Alaric,Lapworth,alapworthpz@cornell.edu,EsXwEjPw7N
Deonne,Coutthart,dcoutthartq0@harvard.edu,qJOqmdRs
Yance,Poter,ypoterq1@businesswire.com,b1CjPJsYY
Reyna,Gouth,rgouthq2@umich.edu,VphOOz6SU
Brina,Sustin,bsustinq3@biblegateway.com,9gLFLZlG
Ahmed,Kimmins,akimminsq4@biblegateway.com,hqGE4hFk9JSf
Bobbi,Spere,bspereq5@linkedin.com,pMrwyoMWu7u
Milt,Wolledge,mwolledgeq6@bandcamp.com,GvV9I3aEh
Junina,Wolton,jwoltonq7@shinystat.com,2v4boS
Dennie,Jennemann,djennemannq8@independent.co.uk,3QYNeulg
Bree,Atlay,batlayq9@barnesandnoble.com,TJXfqmEA
Shelley,Fennelly,sfennellyqa@bluehost.com,x1RzXR2LD9QK
Stacee,Cohen,scohenqb@ifeng.com,jPiSiU
Dar,Trickey,dtrickeyqc@rakuten.co.jp,F1wdI4xWM5fV
Ambrosius,Coniam,aconiamqd@sun.com,W7lLYDYYN0qr
Raffarty,Witling,rwitlingqe@aol.com,9H9I9Wf8r
Fredericka,Ferrarone,fferraroneqf@goodreads.com,pYkyACQ88t7t
Andrea,Galpen,agalpenqg@shutterfly.com,rmuwkl
Teddie,Kee,tkeeqh@abc.net.au,pqTaI0SGu
Gideon,Amsberger,gamsbergerqi@webeden.co.uk,VXbxrve
Aeriel,Jouhandeau,ajouhandeauqj@google.co.jp,Rd40TsTftAs
Base,Vasyunin,bvasyuninqk@statcounter.com,e1kfgcX
Goldia,Huyton,ghuytonql@eepurl.com,qnL5qj6
Rhianna,Paschek,rpaschekqm@imageshack.us,yye97gLwiG
Leroi,Brunsden,lbrunsdenqn@fda.gov,KJT06uDdi1
Shelley,Merritt,smerrittqo@yolasite.com,JQiDCLqT1a
Bianca,Hixson,bhixsonqp@photobucket.com,VwLHrmHH
Cybil,Sidon,csidonqq@skype.com,I1Zm3NVlN
Florencia,Antecki,fanteckiqr@alibaba.com,WQGYtmOlqfd
Morey,Schleicher,mschleicherqs@diigo.com,r0ZfP0QU
Phineas,Pollastro,ppollastroqt@gizmodo.com,8CP1QS
Elston,Shervil,eshervilqu@examiner.com,uJOv94ZoP
Clementina,Lumbly,clumblyqv@washington.edu,EhqqLSi
Lissie,Siegertsz,lsiegertszqw@netlog.com,glky5E
Vicky,Friday,vfridayqx@qq.com,905YkRwSh9
Kristin,Avo,kavoqy@fda.gov,PH5bQCfa
Annabel,Canas,acanasqz@cbslocal.com,79oTStwK9bk8
Bert,Bunhill,bbunhillr0@booking.com,Q9koJMem
Abigale,Dealtry,adealtryr1@eepurl.com,H84raVoOI
Edgardo,Lawful,elawfulr2@google.cn,XOLRpkvP
Zaneta,Capon,zcaponr3@soundcloud.com,Ej6B3K7
Lanita,Lutty,lluttyr4@si.edu,pY0lT4BG
Urbain,MacLaig,umaclaigr5@cnbc.com,orF7n0fldOO2
Brenden,McMurtyr,bmcmurtyrr6@abc.net.au,lHvN9rS2
Burr,Butts,bbuttsr7@diigo.com,azgAfQd
Brunhilda,Samwell,bsamwellr8@hibu.com,mt9pMpImv6o
Valeria,Biasetti,vbiasettir9@state.gov,PNdC6DRNlf
Lilyan,Scholar,lscholarra@blogger.com,DPwRVOIv1ud
Derrick,Bockmaster,dbockmasterrb@youtu.be,m7i46C
Guillemette,Craney,gcraneyrc@scientificamerican.com,CAgHEpZFCtM
Annalise,Pearne,apearnerd@loc.gov,xFN2sN1HX1C
Mace,Evanson,mevansonre@nbcnews.com,ll0zie9AE
Carlin,Garner,cgarnerrf@microsoft.com,Gmx6GLrfKZr
Vasily,Vigar,vvigarrg@huffingtonpost.com,1bG6ahuJk
Gnni,Luten,glutenrh@moonfruit.com,hmkjSvl
Marian,Peteri,mpeteriri@census.gov,zNMRmKxrsI
Ursulina,Scattergood,uscattergoodrj@reuters.com,gI0ueND
Bartholomew,Mussington,bmussingtonrk@privacy.gov.au,J2mSphPdt
Tasia,Chelam,tchelamrl@ucoz.com,HdlE9PC8
Emily,Marien,emarienrm@hexun.com,TaIfXK7lFio
Barry,Stebbings,bstebbingsrn@etsy.com,g9kfMhndw
Janina,Tonnesen,jtonnesenro@etsy.com,PA6kbq9rK
Harriott,Isaacs,hisaacsrp@blinklist.com,JP99zftzNQ
Mendel,Fossord,mfossordrq@mac.com,RH8lzIyW
Josiah,Cawdell,jcawdellrr@arstechnica.com,856gDismHv
